<?xml version="1.0" encoding="utf-8"?>
<prefix name="contactimporter" label="Contact Importer" language_tag="en" language_label="English"><key name="admin_settings_updated"><value>Settings updated</value></key><key name="email_field_inv_message"><value>Enter e-mail addresses</value></key><key name="email_invite_field_default_text"><value>Check out this site. I'm hanging out here, it's awesome!</value></key><key name="email_invite_floatbox_title"><value>Import contacts</value></key><key name="email_send_error_empty_email_list"><value>Empty email list</value></key><key name="email_send_error_max_limit_message"><value>Please enter max {$limit} emails</value></key><key name="email_send_success"><value>You have invited &lt;b&gt;{$count}&lt;/b&gt; members</value></key><key name="facebook_how_to_config"><value>Configuration instructions</value></key><key name="feedback_invitation_sent"><value>Invitations sent</value></key><key name="google_client_id"><value>Client ID</value></key><key name="google_client_secret"><value>Client secret</value></key><key name="google_message_custom_inv"><value>Your custom message...</value></key><key name="google_send_success"><value>You have invited &lt;b&gt;{$count}&lt;/b&gt; members</value></key><key name="google_settings_heading"><value>Google App Settings</value></key><key name="google_site_id"><value>Site ID</value></key><key name="mail_email_invite_html"><value>&lt;p&gt;Hi,&lt;/p&gt;&#13;
&lt;p&gt;User &lt;b&gt;{$inviter}&lt;/b&gt; invites you to check out this site:&lt;/p&gt;&#13;
&lt;p&gt;&lt;a href="{$siteInviteURL}"&gt;{$siteName}&lt;/a&gt;&lt;/p&gt;</value></key><key name="mail_email_invite_msg_html"><value>&lt;p&gt;Hi,&lt;/p&gt;&#13;
&lt;p&gt;User &lt;b&gt;{$inviter}&lt;/b&gt; invites you to check out this site:&lt;/p&gt;&#13;
&lt;p&gt;&lt;a href="{$siteInviteURL}"&gt;{$siteName}&lt;/a&gt;&lt;/p&gt;&#13;
&lt;p&gt;The user left the following comment:&lt;/p&gt; &#13;
&lt;p&gt;{$customMessage}&lt;/p&gt;</value></key><key name="mail_email_invite_msg_txt"><value>Hi,&#13;
&#13;
User {$inviter} invites you to check out this site:&#13;
&#13;
{$siteName} {$siteInviteURL}&#13;
&#13;
The user left the following comment: {$customMessage}</value></key><key name="mail_email_invite_subject"><value>{$inviter} invites you to {$siteName}</value></key><key name="mail_email_invite_txt"><value>Hi,&#13;
&#13;
User {$inviter} invites you to check out this site:&#13;
&#13;
{$siteName} {$siteInviteURL}</value></key><key name="mail_google_invite_html"><value>Greetings!&#13;
&lt;br /&gt;&#13;
&lt;br /&gt;&#13;
{$user} invites you to join &lt;a href="{$site_url}"&gt;{$site_name}&lt;/a&gt;. Check out what it's all about: &lt;br/&gt;{$url}&#13;
&lt;br /&gt;&lt;br /&gt;&#13;
Thank you,&lt;br /&gt;&#13;
&lt;a href="{$site_url}"&gt;{$site_name}&lt;/a&gt;</value></key><key name="mail_google_invite_msg_html"><value>Greetings!&#13;
&lt;br /&gt;&#13;
&lt;br /&gt;&#13;
{$user} invites you to join &lt;a href="{$site_url}"&gt;{$site_name}&lt;/a&gt;. Check out what it's all about: &lt;br /&gt;{$url}&lt;br /&gt;&#13;
Here are a few words for you by {$user}:&#13;
&lt;br /&gt;&#13;
{$message}&#13;
&lt;br /&gt;&#13;
&lt;br /&gt;&#13;
Thank you,&lt;br /&gt;&#13;
&lt;a href="{$site_url}"&gt;{$site_name}&lt;/a&gt;</value></key><key name="mail_google_invite_msg_txt"><value>Greetings!&#13;
&#13;
{$user} invites you to join {$site_name}. Check out what it's all about: &#13;
{$url}&#13;
&#13;
Here are a few words for you by {$user}:&#13;
{$message}&#13;
&#13;
&#13;
Thank you,&#13;
{$site_name}&#13;
{$site_url}</value></key><key name="mail_google_invite_subject"><value>{$user} invites you to {$site_name}</value></key><key name="mail_google_invite_txt"><value>Greetings!&#13;
&#13;
{$user} invites you to join {$site_name}. Check out what it's all about: &#13;
{$url}&#13;
&#13;
Thank you,&#13;
{$site_name}&#13;
{$site_url}</value></key><key name="requires_configuration_message"><value>&lt;a href="{$settingsUrl}"&gt;Contact Importer&lt;/a&gt; requires configuration</value></key><key name="save_btn_label"><value>Save</value></key><key name="usercredits_action_import_friend"><value>Import friend</value></key><key name="widget_title"><value>Invite Friends</value></key></prefix>
